Date,Close,Returns
2015-07-06,36.709999084472656,0.0
2015-07-07,36.619998931884766,-0.0024516522700203103
2015-07-08,34.70000076293945,-0.05243031744803206
2015-07-09,34.5,-0.005763710620809492
2015-07-10,34.689998626708984,0.005507206571274903
2015-07-13,36.779998779296875,0.06024791684421493
2015-07-14,36.93000030517578,0.004078345047780152
2015-07-15,37.5099983215332,0.015705334729610998
2015-07-16,38.630001068115234,0.02985877890426547
2015-07-17,38.38999938964844,-0.006212831266652286
2015-07-20,40.470001220703125,0.054180824801355554
2015-07-21,39.349998474121094,-0.027674887887304433
2015-07-22,38.38999938964844,-0.02439641986527674
2015-07-23,37.0099983215332,-0.03594688955601655
2015-07-24,37.0,-0.00027015190452972515
2015-07-27,36.38999938964844,-0.01648650298247467
2015-07-28,37.599998474121094,0.03325086850143921
2015-07-29,37.95000076293945,0.009308571888885897
2015-07-30,38.45000076293945,0.013175230301662566
2015-07-31,38.70000076293945,0.0065019504561614205
2015-08-03,39.38999938964844,0.017829421527292277
2015-08-04,38.95000076293945,-0.011170313113145536
2015-08-05,39.27000045776367,0.008215653107989107
2015-08-06,38.849998474121094,-0.010695237554028236
2015-08-07,39.130001068115234,0.0072072742597573125
2015-08-10,39.04999923706055,-0.0020445138990776712
2015-08-11,38.849998474121094,-0.005121658562022291
2015-08-12,38.189998626708984,-0.016988413728040497
2015-08-13,37.619998931884766,-0.01492536568004943
2015-08-14,38.13999938964844,0.013822447435609675
2015-08-17,38.72999954223633,0.015469327793120602
2015-08-18,37.9900016784668,-0.0191065807517643
2015-08-19,37.189998626708984,-0.021058252603638694
2015-08-20,35.97999954223633,-0.03253560444080428
2015-08-21,34.25,-0.04808225581563752
2015-08-24,33.75,-0.014598540145985384
2015-08-25,32.70000076293945,-0.031111088505497708
2015-08-26,33.16999816894531,0.01437300902263372
2015-08-27,34.619998931884766,0.04371422499193822
2015-08-28,35.040000915527344,0.012131773443117
2015-08-31,35.0,-0.0011415786096516944
2015-09-01,33.77000045776367,-0.03514284406389512
2015-09-02,35.06999969482422,0.0384956831341019
2015-09-03,35.310001373291016,0.006843503865277212
2015-09-04,34.290000915527344,-0.028887012690268943
2015-09-08,34.70000076293945,0.01195683395932634
2015-09-09,34.369998931884766,-0.009510139014381136
2015-09-10,33.459999084472656,-0.026476574794650598
2015-09-11,33.54999923706055,0.002689783474311369
2015-09-14,33.77000045776367,0.006557413582892302
2015-09-15,33.79999923706055,0.0008883262922780855
2015-09-16,33.77000045776367,-0.0008875378690536007
2015-09-17,33.31999969482422,-0.013325459189799882
2015-09-18,32.91999816894531,-0.012004847825405007
2015-09-21,34.25,0.040401029921967924
2015-09-22,33.349998474121094,-0.026277416813982657
2015-09-23,34.15999984741211,0.02428789836136147
2015-09-24,33.90999984741211,-0.007318501203650851
2015-09-25,33.77000045776367,-0.004128557660819987
2015-09-28,32.25,-0.045010377173809735
2015-09-29,30.6299991607666,-0.05023258416227594
2015-09-30,31.040000915527344,0.013385627358615926
2015-10-01,31.479999542236328,0.014175213071236703
2015-10-02,32.83000183105469,0.04288444435988881
2015-10-05,32.66999816894531,-0.004873702503361499
2015-10-06,31.860000610351562,-0.02479331509004179
2015-10-07,32.380001068115234,0.016321420207214832
2015-10-08,31.670000076293945,-0.021927145410765014
2015-10-09,32.060001373291016,0.012314534135066113
2015-10-12,32.630001068115234,0.017779153786907864
2015-10-13,33.220001220703125,0.01808152415797548
2015-10-14,34.04999923706055,0.02498488819561384
2015-10-15,34.619998931884766,0.01674007951823464
2015-10-16,34.290000915527344,-0.009532005388177445
2015-10-19,34.84000015258789,0.01603963903108241
2015-10-20,34.869998931884766,0.0008610441781140565
2015-10-21,33.83000183105469,-0.02982498229671915
2015-10-22,34.790000915527344,0.028377151419229696
2015-10-23,34.9900016784668,0.005748800163158041
2015-10-26,36.439998626708984,0.041440322340268176
2015-10-27,35.939998626708984,-0.013721186027529697
2015-10-28,36.52000045776367,0.01613805935495094
2015-10-29,35.90999984741211,-0.016703192845165638
2015-10-30,36.0099983215332,0.0027846971469229764
2015-11-02,36.9900016784668,0.027214757084494945
2015-11-03,37.900001525878906,0.024601238337922382
2015-11-04,37.599998474121094,-0.007915647484946997
2015-11-05,36.709999084472656,-0.023670197493784406
2015-11-06,36.2400016784668,-0.012802980597312441
2015-11-09,36.599998474121094,0.009933685954220062
2015-11-10,37.0,0.010929003894951883
2015-11-11,36.33000183105469,-0.01810805862014353
2015-11-12,35.56999969482422,-0.020919408145496532
2015-11-13,34.529998779296875,-0.02923814800253355
2015-11-16,35.61000061035156,0.03127720443773141
2015-11-17,36.209999084472656,0.016849156524492592
2015-11-18,36.220001220703125,0.00027622580732833413
2015-11-19,36.189998626708984,-0.0008283432629204723
2015-11-20,36.36000061035156,0.004697485219496977
2015-11-23,35.560001373291016,-0.022002178867752575
2015-11-24,35.119998931884766,-0.012373521496451212
2015-11-25,35.36000061035156,0.006833760984226611
2015-11-27,35.18000030517578,-0.005090506280225782
2015-11-30,35.2599983215332,0.002273962923918793
2015-12-01,35.16999816894531,-0.002552471834149972
2015-12-02,35.150001525878906,-0.0005685710579326209
2015-12-03,34.22999954223633,-0.026173597260450543
2015-12-04,35.619998931884766,0.04060763681674384
2015-12-07,35.15999984741211,-0.012914067890689718
2015-12-08,35.599998474121094,0.012514181701322347
2015-12-09,35.06999969482422,-0.014887606798133723
2015-12-10,35.4900016784668,0.011976104570784019
2015-12-11,34.689998626708984,-0.02254164592624419
2015-12-14,35.0099983215332,0.00922455195999472
2015-12-15,36.31999969482422,0.03741792162512869
2015-12-16,35.97999954223633,-0.009361237760041718
2015-12-17,35.540000915527344,-0.012228978107475474
2015-12-18,34.97999954223633,-0.01575693187577698
2015-12-21,36.08000183105469,0.03144660672422739
2015-12-22,36.80500030517578,0.02009419172193816
2015-12-23,37.11000061035156,0.008286925761358921
2015-12-24,37.06999969482422,-0.001077901236040013
2015-12-28,36.61000061035156,-0.012408931434031878
2015-12-29,37.08000183105469,0.012838055527653491
2015-12-30,36.47999954223633,-0.01618129070090424
2015-12-31,36.20000076293945,-0.007675405230548105
2016-01-04,34.75,-0.04005526885026822
2016-01-05,34.310001373291016,-0.012661830984431188
2016-01-06,33.97999954223633,-0.009618240100438546
2016-01-07,33.130001068115234,-0.025014669969743997
2016-01-08,32.689998626708984,-0.013281087450060958
2016-01-11,33.040000915527344,0.010706708581272206
2016-01-12,33.08000183105469,0.001210681429144378
2016-01-13,32.119998931884766,-0.029020642262138407
2016-01-14,32.869998931884766,0.0233499385099758
2016-01-15,32.310001373291016,-0.017036737961391824
2016-01-19,32.20000076293945,-0.0034045374706326292
2016-01-20,31.200000762939453,-0.031055899885286564
2016-01-21,31.200000762939453,0.0
2016-01-22,31.690000534057617,0.01570512048513173
2016-01-25,31.469999313354492,-0.006942291479821394
2016-01-26,31.969999313354492,0.015888147788672535
2016-01-27,31.59000015258789,-0.011886117263939622
2016-01-28,34.2400016784668,0.08388735400692338
2016-01-29,36.13999938964844,0.05549058463909273
2016-02-01,37.08000183105469,0.026010029255160827
2016-02-02,36.83000183105469,-0.006742178739339355
2016-02-03,37.0099983215332,0.004887224586742844
2016-02-04,37.16999816894531,0.004323151976989292
2016-02-05,35.06999969482422,-0.05649713687302771
2016-02-08,33.61000061035156,-0.041630997923508106
2016-02-09,32.70000076293945,-0.02707527018407252
2016-02-10,32.900001525878906,0.006116231139851269
2016-02-11,33.52000045776367,0.018844951462907433
2016-02-12,34.29999923706055,0.02326965300253203
2016-02-16,35.459999084472656,0.03381923828612665
2016-02-17,36.36000061035156,0.02538075434618392
2016-02-18,36.310001373291016,-0.0013751165077349192
2016-02-19,35.7599983215332,-0.015147425804351133
2016-02-22,36.0,0.0067114566479797855
2016-02-23,35.47999954223633,-0.014444457160102009
2016-02-24,36.470001220703125,0.027903091635846033
2016-02-25,36.7400016784668,0.007403357519231379
2016-02-26,37.4900016784668,0.02041371708590778
2016-02-29,38.13999938964844,0.017337894960804512
2016-03-01,39.25,0.029103320086911966
2016-03-02,39.15999984741211,-0.0022929975181628093
2016-03-03,39.02000045776367,-0.003575061036617644
2016-03-04,39.040000915527344,0.000512569388237738
2016-03-07,38.97999954223633,-0.001536920386370988
2016-03-08,38.15999984741211,-0.021036421355924317
2016-03-09,38.56999969482422,0.010744230845166403
2016-03-10,38.4900016784668,-0.0020740994812130653
2016-03-11,39.4900016784668,0.025980773094105958
2016-03-14,39.380001068115234,-0.0027855306577904138
2016-03-15,39.27000045776367,-0.002793311512645613
2016-03-16,39.84000015258789,0.014514888927421143
2016-03-17,39.93000030517578,0.0022590399659434546
2016-03-18,39.40999984741211,-0.013022801246917792
2016-03-21,41.13999938964844,0.04389747650176479
2016-03-22,41.31999969482422,0.00437531132343838
2016-03-23,40.52000045776367,-0.019361065899542007
2016-03-24,38.91999816894531,-0.03948672928782748
2016-03-28,38.7400016784668,-0.0046247815762267
2016-03-29,39.529998779296875,0.020392283598407612
2016-03-30,39.040000915527344,-0.012395595216313504
2016-03-31,38.599998474121094,-0.011270554074993555
2016-04-01,39.400001525878906,0.020725468481408438
2016-04-04,38.790000915527344,-0.015482248394099618
2016-04-05,38.54999923706055,-0.006187204764172227
2016-04-06,39.15999984741211,0.015823621852763425
2016-04-07,38.279998779296875,-0.022471937475591952
2016-04-08,38.40999984741211,0.0033960572690912016
2016-04-11,38.060001373291016,-0.009112170671999542
2016-04-12,37.79999923706055,-0.006831374851523964
2016-04-13,38.790000915527344,0.02619052112297826
2016-04-14,38.63999938964844,-0.003867015270393126
2016-04-15,38.58000183105469,-0.001552731872191071
2016-04-18,39.63999938964844,0.027475311256738078
2016-04-19,39.2400016784668,-0.010090759771456903
2016-04-20,40.08000183105469,0.021406730801666773
2016-04-21,40.099998474121094,0.0004989182173866791
2016-04-22,40.310001373291016,0.00523698022845176
2016-04-25,39.81999969482422,-0.012155833832133478
2016-04-26,39.72999954223633,-0.002260174617720767
2016-04-27,40.0099983215332,0.007047540461187607
2016-04-28,40.06999969482422,0.0014996594803335928
2016-04-29,39.18000030517578,-0.02221111545861576
2016-05-02,39.02000045776367,-0.004083712255381844
2016-05-03,38.36000061035156,-0.016914398761386784
2016-05-04,38.310001373291016,-0.0013034211747915414
2016-05-05,38.95000076293945,0.016705804403719826
2016-05-06,39.47999954223633,0.013607157096673594
2016-05-09,39.619998931884766,0.003546083872130401
2016-05-10,40.11000061035156,0.012367533863623104
2016-05-11,39.709999084472656,-0.009972613308205092
2016-05-12,39.5099983215332,-0.00503653406070359
2016-05-13,39.47999954223633,-0.0007592705788733722
2016-05-16,39.29999923706055,-0.004559278299464342
2016-05-17,39.064998626708984,-0.005979659412561844
2016-05-18,38.97999954223633,-0.0021758373854016133
2016-05-19,37.650001525878906,-0.034120011081999024
2016-05-20,37.529998779296875,-0.0031873238172260843
2016-05-23,38.06999969482422,0.01438851407118169
2016-05-24,38.91999816894531,0.022327251928942138
2016-05-25,38.7599983215332,-0.004110993189608503
2016-05-26,38.06999969482422,-0.01780182292540644
2016-05-27,38.09000015258789,0.0005253600715524609
2016-05-31,37.790000915527344,-0.007876062899941028
2016-06-01,38.310001373291016,0.01376026581544787
2016-06-02,38.560001373291016,0.00652571106860611
2016-06-03,38.33000183105469,-0.005964718206562081
2016-06-06,38.099998474121094,-0.006000609077645436
2016-06-07,37.56999969482422,-0.013910729672518718
2016-06-08,37.54999923706055,-0.0005323518212970724
2016-06-09,37.130001068115234,-0.011185038015414595
2016-06-10,36.77000045776367,-0.009695680042969501
2016-06-13,36.540000915527344,-0.006255086738454652
2016-06-14,37.15999984741211,0.016967676966348932
2016-06-15,36.84000015258789,-0.008611401941286734
2016-06-16,36.970001220703125,0.003528802051486979
2016-06-17,36.970001220703125,0.0
2016-06-20,36.86000061035156,-0.0029754018587904163
2016-06-21,36.15999984741211,-0.01899079629268563
2016-06-22,36.0,-0.004424774559935729
2016-06-23,36.65999984741211,0.018333329094780915
2016-06-24,35.08000183105469,-0.043098691296611036
2016-06-27,34.20000076293945,-0.02508554795274298
2016-06-28,35.2400016784668,0.030409382816573904
2016-06-29,35.77000045776367,0.015039692226255674
2016-06-30,36.5099983215332,0.02068766715961612
2016-07-01,36.349998474121094,-0.0043823570191111605
2016-07-05,36.119998931884766,-0.006327360437169527
2016-07-06,35.93000030517578,-0.005260205767649184
2016-07-07,36.31999969482422,0.010854422107874573
2016-07-08,37.36000061035156,0.028634386681328783
2016-07-11,38.150001525878906,0.02114563443846551
2016-07-12,38.790000915527344,0.016775867996081217
2016-07-13,39.279998779296875,0.01263206631102154
2016-07-14,39.959999084472656,0.017311617268536805
2016-07-15,39.09000015258789,-0.02177174554097583
2016-07-18,38.91999816894531,-0.00434898907595227
2016-07-19,39.369998931884766,0.011562198975089144
2016-07-20,40.04999923706055,0.01727204276414307
2016-07-21,40.130001068115234,0.0019975488783694484
2016-07-22,37.41999816894531,-0.06753059623821234
2016-07-25,37.779998779296875,0.009620540565667968
2016-07-26,37.689998626708984,-0.002382216926836156
2016-07-27,37.220001220703125,-0.01247008286364848
2016-07-28,37.220001220703125,0.0
2016-07-29,37.2400016784668,0.0005373577944041141
2016-08-01,37.060001373291016,-0.004833520329293184
2016-08-02,36.540000915527344,-0.014031312425650255
2016-08-03,36.58000183105469,0.00109471577791731
2016-08-04,37.29999923706055,0.01968281492524726
2016-08-05,38.099998474121094,0.021447701164178046
2016-08-08,37.90999984741211,-0.0049868407957558425
2016-08-09,38.099998474121094,0.0050118340140787865
2016-08-10,38.06999969482422,-0.0007873695668846326
2016-08-11,38.459999084472656,0.010244270889801399
2016-08-12,38.5099983215332,0.0013000321958076544
2016-08-15,38.459999084472656,-0.0012983443064080724
2016-08-16,38.380001068115234,-0.0020800316760725135
2016-08-17,38.13999938964844,-0.006253300463458844
2016-08-18,38.220001220703125,0.002097583438252615
2016-08-19,38.09000015258789,-0.0034013883820813717
2016-08-22,38.11000061035156,0.0005250842132724642
2016-08-23,37.86000061035156,-0.006559957911207559
2016-08-24,37.52000045776367,-0.008980458190878338
2016-08-25,37.5099983215332,-0.00026658145278346534
2016-08-26,37.650001525878906,0.003732423636642279
2016-08-29,37.290000915527344,-0.009561768811725435
2016-08-30,37.0,-0.007776908243694591
2016-08-31,37.150001525878906,0.004054095294024451
2016-09-01,36.83000183105469,-0.008613719560719435
2016-09-02,37.06999969482422,0.006516368499530412
2016-09-06,37.18000030517578,0.002967375539712158
2016-09-07,38.560001373291016,0.037116757847985404
2016-09-08,39.27000045776367,0.018412838671848286
2016-09-09,38.0099983215332,-0.032085615521844635
2016-09-12,38.77000045776367,0.01999479531152515
2016-09-13,39.86000061035156,0.02811452514103907
2016-09-14,39.959999084472656,0.002508742413193099
2016-09-15,40.83000183105469,0.021771841003872527
2016-09-16,40.70000076293945,-0.0031839593995892645
2016-09-19,40.0099983215332,-0.016953376620929994
2016-09-20,39.689998626708984,-0.007997993207912613
2016-09-21,40.290000915527344,0.015117216164744152
2016-09-22,40.4900016784668,0.004964029744223053
2016-09-23,40.06999969482422,-0.010372980148971922
2016-09-26,40.34000015258789,0.006738219611180707
2016-09-27,41.060001373291016,0.017848319731772033
2016-09-28,40.970001220703125,-0.002191917914704078
2016-09-29,40.38999938964844,-0.014156744295179546
2016-09-30,40.970001220703125,0.014360035647916769
2016-10-03,40.59000015258789,-0.009275105120651328
2016-10-04,40.779998779296875,0.004680922049636216
2016-10-05,40.439998626708984,-0.008337424295375429
2016-10-06,40.18000030517578,-0.006429236655846049
2016-10-07,39.880001068115234,-0.0074663821498752725
2016-10-10,39.86000061035156,-0.0005015159786357914
2016-10-11,39.189998626708984,-0.016808880416037453
2016-10-12,39.529998779296875,0.00867568676963848
2016-10-13,39.20000076293945,-0.008348040135287116
2016-10-14,39.2400016784668,0.001020431498694352
2016-10-17,39.47999954223633,0.0061161532493316795
2016-10-18,39.83000183105469,0.008865306303864617
2016-10-19,40.2400016784668,0.010293744126630644
2016-10-20,40.09000015258789,-0.003727671958800527
2016-10-21,44.150001525878906,0.10127217155994295
2016-10-24,43.869998931884766,-0.006342074389963814
2016-10-25,43.310001373291016,-0.01276493212282126
2016-10-26,42.33000183105469,-0.02262755740388145
2016-10-27,41.689998626708984,-0.015119375777493449
2016-10-28,41.7599983215332,0.0016790524617424918
2016-10-31,41.65999984741211,-0.0023945995723263502
2016-11-01,41.540000915527344,-0.0028804352454221416
2016-11-02,41.349998474121094,-0.00457396334180693
2016-11-03,41.189998626708984,-0.00386940394960944
2016-11-04,40.900001525878906,-0.007040473670762215
2016-11-07,41.279998779296875,0.009290886045017155
2016-11-08,41.58000183105469,0.007267516003616636
2016-11-09,41.2599983215332,-0.007696091761171697
2016-11-10,40.45000076293945,-0.019631546086879448
2016-11-11,40.08000183105469,-0.00914706860089265
2016-11-14,38.810001373291016,-0.03168663672015237
2016-11-15,38.939998626708984,0.003349581263025536
2016-11-16,39.06999969482422,0.0033384969876724124
2016-11-17,39.880001068115234,0.020732054763704655
2016-11-18,40.08000183105469,0.005015064131965508
2016-11-21,40.630001068115234,0.01372253522789002
2016-11-22,40.33000183105469,-0.00738368764887809
2016-11-23,40.04999923706055,-0.0069427865430576885
2016-11-25,40.2599983215332,0.00524342293316038
2016-11-28,39.959999084472656,-0.007451546188964708
2016-11-29,39.88999938964844,-0.0017517441548545731
2016-11-30,39.279998779296875,-0.015292068681000304
2016-12-01,38.34000015258789,-0.023930719346265006
2016-12-02,38.619998931884766,0.007303045857655732
2016-12-05,38.9900016784668,0.009580599606815454
2016-12-06,38.97999954223633,-0.0002565307976376552
2016-12-07,39.45000076293945,0.01205749682459234
2016-12-08,39.61000061035156,0.004055762847092748
2016-12-09,39.650001525878906,0.0010098690964648327
2016-12-12,39.43000030517578,-0.005548580384278967
2016-12-13,39.43000030517578,0.0
2016-12-14,39.54999923706055,0.0030433408814611873
2016-12-15,39.540000915527344,-0.0002528020663988828
2016-12-16,39.31999969482422,-0.005564016580908326
2016-12-19,39.439998626708984,0.0030518548529023803
2016-12-20,39.7400016784668,0.007606568514296308
2016-12-21,40.09000015258789,0.008807208337656913
2016-12-22,39.68000030517578,-0.010226985429074409
2016-12-23,39.58000183105469,-0.002520122816330961
2016-12-27,39.720001220703125,0.0035371243853403733
2016-12-28,39.56999969482422,-0.0037764733451398635
2016-12-29,39.959999084472656,0.00985593612980118
2016-12-30,39.470001220703125,-0.012262209083981901
2017-01-03,40.25,0.019761812900267683
2017-01-04,41.0,0.01863354037267073
2017-01-05,41.060001373291016,0.001463448129049194
2017-01-06,41.45000076293945,0.009498279995239445
2017-01-09,41.400001525878906,-0.001206254189149547
2017-01-10,41.08000183105469,-0.007729460942753508
2017-01-11,41.279998779296875,0.004868474667179656
2017-01-12,41.560001373291016,0.006783008776021893
2017-01-13,41.599998474121094,0.0009623941171421624
2017-01-17,41.27000045776367,-0.007932644914944165
2017-01-18,41.349998474121094,0.0019384059963676314
2017-01-19,41.27000045776367,-0.001934655847871114
2017-01-20,41.689998626708984,0.010176839454488107
2017-01-23,41.619998931884766,-0.0016790524617424918
2017-01-24,41.959999084472656,0.008169153323245748
2017-01-25,41.709999084472656,-0.0059580554207522285
2017-01-26,41.5,-0.005034742006283843
2017-01-27,40.27000045776367,-0.029638543186417565
2017-01-30,39.86000061035156,-0.010181272479550363
2017-01-31,39.779998779296875,-0.0020070704924654015
2017-02-01,39.310001373291016,-0.011814917557274152
2017-02-02,39.58000183105469,0.006868492707484908
2017-02-03,39.59000015258789,0.00025261043634805525
2017-02-06,39.7400016784668,0.0037888740919618247
2017-02-07,40.02000045776367,0.007045766670125575
2017-02-08,40.880001068115234,0.021489270377675007
2017-02-09,40.83000183105469,-0.001223073281657605
2017-02-10,40.58000183105469,-0.006122948537559347
2017-02-13,41.16999816894531,0.01453909096275896
2017-02-14,41.619998931884766,0.010930308062993666
2017-02-15,41.869998931884766,0.006006727688992797
2017-02-16,42.150001525878906,0.006687427779724864
2017-02-17,41.959999084472656,-0.004507768316202698
2017-02-21,42.43000030517578,0.011201173283081678
2017-02-22,42.41999816894531,-0.00023573264573484298
2017-02-23,42.529998779296875,0.0025931309547317927
2017-02-24,43.06999969482422,0.012696941712357024
2017-02-27,42.63999938964844,-0.009983754544290235
2017-02-28,42.0,-0.015009366763823362
2017-03-01,42.43000030517578,0.010238102504185331
2017-03-02,42.77000045776367,0.008013201747406384
2017-03-03,43.029998779296875,0.006078988046538836
2017-03-06,42.869998931884766,-0.003718332604022545
2017-03-07,42.88999938964844,0.000466537398226885
2017-03-08,42.790000915527344,-0.0023315102714883684
2017-03-09,42.91999816894531,0.0030380287599105493
2017-03-10,42.9900016784668,0.0016310231246032814
2017-03-13,42.59000015258789,-0.009304524546675297
2017-03-14,42.099998474121094,-0.01150508750202539
2017-03-15,42.38999938964844,0.006888383041286916
2017-03-16,42.400001525878906,0.0002359550925803422
2017-03-17,43.08000183105469,0.0160377424694369
2017-03-20,43.15999984741211,0.0018569640890719885
2017-03-21,42.63999938964844,-0.012048203419881442
2017-03-22,43.189998626708984,0.012898668971230487
2017-03-23,43.13999938964844,-0.0011576577599061721
2017-03-24,43.130001068115234,-0.00023176452653361768
2017-03-27,43.08000183105469,-0.001159268161889937
2017-03-28,43.150001525878906,0.001624876783866691
2017-03-29,43.2400016784668,0.002085750855278956
2017-03-30,43.540000915527344,0.006938002437912649
2017-03-31,43.02000045776367,-0.011943051144452932
2017-04-03,42.630001068115234,-0.009065536622467785
2017-04-04,42.720001220703125,0.0021111928297652405
2017-04-05,42.88999938964844,0.003979357773588488
2017-04-06,42.900001525878906,0.00023320439199836507
2017-04-07,43.040000915527344,0.003263388920021093
2017-04-10,43.04999923706055,0.00023230300465892917
2017-04-11,42.689998626708984,-0.008362383663915285
2017-04-12,42.4900016784668,-0.004684866588799963
2017-04-13,42.54999923706055,0.001412039449839586
2017-04-17,43.099998474121094,0.01292595174905431
2017-04-18,43.09000015258789,-0.00023197962615262302
2017-04-19,43.29999923706055,0.00487349927428693
2017-04-20,43.689998626708984,0.009006914469287919
2017-04-21,43.810001373291016,0.0027466868929739707
2017-04-24,44.27000045776367,0.010499864643991996
2017-04-25,44.709999084472656,0.009938979493094191
2017-04-26,44.40999984741211,-0.006709891371139198
2017-04-27,47.150001525878906,0.06169785381403159
2017-04-28,47.720001220703125,0.01208907054883901
2017-05-01,47.540000915527344,-0.0037720096515355683
2017-05-02,49.04999923706055,0.031762690207269406
2017-05-03,49.02000045776367,-0.0006115959177060981
2017-05-04,48.90999984741211,-0.0022439944782607357
2017-05-05,49.29999923706055,0.007973817028524843
2017-05-08,49.16999816894531,-0.0026369385421309843
2017-05-09,49.220001220703125,0.0010169423148238543
2017-05-10,49.790000915527344,0.01158065178154577
2017-05-11,49.70000076293945,-0.0018075949173125272
2017-05-12,49.369998931884766,-0.00663987577442382
2017-05-15,49.77000045776367,0.00810211736951394
2017-05-16,50.34000015258789,0.011452676101699755
2017-05-17,49.04999923706055,-0.0256257630436465
2017-05-18,49.11000061035156,0.0012232696070193505
2017-05-19,49.38999938964844,0.005701461531602003
2017-05-22,49.77000045776367,0.007693886876112721
2017-05-23,50.130001068115234,0.007233285252972177
2017-05-24,51.04999923706055,0.01835224714428474
2017-05-25,50.93000030517578,-0.0023506157429606933
2017-05-26,51.189998626708984,0.00510501315482581
2017-05-30,51.060001373291016,-0.0025395049209894216
2017-05-31,52.209999084472656,0.022522477090711313
2017-06-01,53.15999984741211,0.01819576287297786
2017-06-02,53.52000045776367,0.006772020530189771
2017-06-05,53.79999923706055,0.005231666235089749
2017-06-06,53.400001525878906,-0.007434901800260629
2017-06-07,53.849998474121094,0.008426908902317232
2017-06-08,54.38999938964844,0.010027872438786778
2017-06-09,53.400001525878906,-0.018201836272826788
2017-06-12,52.15999984741211,-0.023221004551205127
2017-06-13,52.060001373291016,-0.0019171486659054215
2017-06-14,51.900001525878906,-0.0030733738607658934
2017-06-15,52.290000915527344,0.0075144388859791356
2017-06-16,51.84000015258789,-0.008605866419211128
2017-06-19,52.93000030517578,0.02102623744945098
2017-06-20,52.52000045776367,-0.007746076800457136
2017-06-21,53.540000915527344,0.01942118143323235
2017-06-22,53.869998931884766,0.006163578832919292
2017-06-23,54.33000183105469,0.008539129539459678
2017-06-26,53.7400016784668,-0.010859564378859488
2017-06-27,52.72999954223633,-0.018794233432917196
2017-06-28,54.38999938964844,0.031481127665902164
2017-06-29,53.41999816894531,-0.01783418333495579
2017-06-30,53.66999816894531,0.004679895330758965
2017-07-03,52.869998931884766,-0.01490589275859977
2017-07-05,54.61000061035156,0.032910945973510186
2017-07-06,53.470001220703125,-0.020875286154681816
2017-07-07,53.970001220703125,0.00935103775173296
2017-07-10,54.939998626708984,0.017972899463892578
2017-07-11,54.7599983215332,-0.0032763070563360808
2017-07-12,56.54999923706055,0.03268811121974524
2017-07-13,57.900001525878906,0.02387271984141104
2017-07-14,57.15999984741211,-0.01278068495621798
2017-07-17,57.58000183105469,0.0073478303842506865
2017-07-18,58.959999084472656,0.023966606626151465
2017-07-19,58.349998474121094,-0.010346007798908041
2017-07-20,59.09000015258789,0.012682119928332014
2017-07-21,58.66999816894531,-0.007107835209984925
2017-07-24,58.58000183105469,-0.0015339413788879597
2017-07-25,58.2599983215332,-0.005462674966183467
2017-07-26,58.790000915527344,0.0090971954902761
2017-07-27,60.150001525878906,0.023133195937616646
2017-07-28,59.20000076293945,-0.015793860994845144
2017-07-31,58.54999923706055,-0.01097975536320972
2017-08-01,59.34000015258789,0.013492757059291316
2017-08-02,59.119998931884766,-0.003707469163084065
2017-08-03,58.41999816894531,-0.01184033788204153
2017-08-04,58.86000061035156,0.007531709263903119
2017-08-07,59.619998931884766,0.012911965913223966
2017-08-08,59.47999954223633,-0.0023481951049409977
2017-08-09,59.66999816894531,0.0031943279786690315
2017-08-10,58.02000045776367,-0.027652048966215093
2017-08-11,58.040000915527344,0.0003447166081673725
2017-08-14,59.060001373291016,0.017574094446487054
2017-08-15,59.689998626708984,0.010667071431916364
2017-08-16,60.290000915527344,0.010051973573842243
2017-08-17,59.290000915527344,-0.01658649833827508
2017-08-18,59.439998626708984,0.0025298989520230464
2017-08-21,59.400001525878906,-0.000672898750911255
2017-08-22,60.84000015258789,0.02424240050030324
2017-08-23,60.04999923706055,-0.012984893385042828
2017-08-24,60.0,-0.0008326267726193048
2017-08-25,59.970001220703125,-0.0004999796549479685
2017-08-28,60.529998779296875,0.009337961433964814
2017-08-29,61.0099983215332,0.00792994468720365
2017-08-30,61.77000045776367,0.012457009623654258
2017-08-31,61.68000030517578,-0.001457020429349476
2017-09-01,61.459999084472656,-0.003566816141611806
2017-09-05,61.27000045776367,-0.0030914192896073223
2017-09-06,61.2400016784668,-0.0004896161102129204
2017-09-07,62.0,0.01241016167052833
2017-09-08,61.130001068115234,-0.014032240836851062
2017-09-11,62.63999938964844,0.024701428024688887
2017-09-12,62.560001373291016,-0.0012771075532711507
2017-09-13,62.040000915527344,-0.008312027595090088
2017-09-14,62.2400016784668,0.003223738877950133
2017-09-15,62.5,0.004177350811723324
2017-09-18,62.91999816894531,0.006719970703124911
2017-09-19,63.83000183105469,0.014462868540872087
2017-09-20,64.73999786376953,0.014256556581706326
2017-09-21,64.62999725341797,-0.0016991135925433776
2017-09-22,65.08000183105469,0.0069627819396653745
2017-09-25,63.5,-0.024277839376162236
2017-09-26,62.939998626708984,-0.008818919264425462
2017-09-27,63.33000183105469,0.0061964285487003945
2017-09-28,63.93000030517578,0.009474158483710582
2017-09-29,64.02999877929688,0.0015641869801930053
2017-10-02,64.18000030517578,0.002342675757279755
2017-10-03,64.22000122070312,0.0006232613795129627
2017-10-04,64.01000213623047,-0.003269995024617889
2017-10-05,65.81999969482422,0.02827679266033445
2017-10-06,66.05000305175781,0.00349442962625357
2017-10-09,66.2300033569336,0.0027252126700847423
2017-10-10,66.04000091552734,-0.0028688272954218164
2017-10-11,67.77999877929688,0.026347635367164557
2017-10-12,68.86000061035156,0.015933931108074395
2017-10-13,68.66000366210938,-0.0029043994549735608
2017-10-16,67.30999755859375,-0.019662190962868253
2017-10-17,66.66999816894531,-0.009508236708689721
2017-10-18,67.26000213623047,0.008849617271475818
2017-10-19,67.25,-0.00014870853275039675
2017-10-20,70.97000122070312,0.05531600328183095
2017-10-23,69.80000305175781,-0.01648581300297347
2017-10-24,70.20999908447266,0.005873868406722327
2017-10-25,71.0199966430664,0.011536783494601854
2017-10-26,71.33999633789062,0.004505768937620225
2017-10-27,71.05999755859375,-0.003924849925288854
2017-10-30,71.1500015258789,0.0012665911958544829
2017-10-31,72.55999755859375,0.019817231236488375
2017-11-01,72.37999725341797,-0.0024807099122409193
2017-11-02,72.25,-0.001796038385616705
2017-11-03,73.38999938964844,0.015778538265030173
2017-11-06,74.73999786376953,0.018394856047805108
2017-11-07,74.41000366210938,-0.004415228941558769
2017-11-08,74.7699966430664,0.004837964833219743
2017-11-09,74.0999984741211,-0.008960789073506614
2017-11-10,73.98999786376953,-0.0014844886992808615
2017-11-13,74.02999877929688,0.0005406259857041462
2017-11-14,74.48999786376953,0.006213684885286064
2017-11-15,73.43000030517578,-0.014230065632869549
2017-11-16,77.69999694824219,0.058150573679970785
2017-11-17,76.37999725341797,-0.016988413728040497
2017-11-20,76.01000213623047,-0.004844136298668755
2017-11-21,77.7699966430664,0.02315477512658859
2017-11-22,77.56999969482422,-0.0025716466101971536
2017-11-24,78.56999969482422,0.01289158184780459
2017-11-27,77.83999633789062,-0.009291120781074413
2017-11-28,77.79000091552734,-0.0006422844901772251
2017-11-29,73.25,-0.05836226844189607
2017-11-30,75.7300033569336,0.03385670111854733
2017-12-01,75.30000305175781,-0.005678070594412721
2017-12-04,70.97000122070312,-0.0575033420394212
2017-12-05,71.19999694824219,0.0032407457176704124
2017-12-06,73.13999938964844,0.02724722646851374
2017-12-07,73.69000244140625,0.007519866780798079
2017-12-08,72.91000366210938,-0.010584865700297486
2017-12-11,73.29000091552734,0.005211867155829664
2017-12-12,73.62000274658203,0.004502685590562994
2017-12-13,74.08999633789062,0.006384047456863495
2017-12-14,74.26000213623047,0.0022945850552418268
2017-12-15,75.6500015258789,0.018718009017808512
2017-12-18,75.31999969482422,-0.004362218432233611
2017-12-19,74.5,-0.010886878626482077
2017-12-20,74.0,-0.006711409395973145
2017-12-21,74.0199966430664,0.00027022490630268514
2017-12-22,73.88999938964844,-0.001756245059626682
2017-12-26,74.2699966430664,0.005142742679074885
2017-12-27,74.58999633789062,0.004308599828839466
2017-12-28,74.16999816894531,-0.005630757334304404
2017-12-29,73.62000274658203,-0.007415335525699951
2018-01-02,73.83999633789062,0.0029882312293014746
2018-01-03,76.75,0.03940958567756758
2018-01-04,76.7300033569336,-0.00026054258066976477
2018-01-05,78.69999694824219,0.02567435820567554
2018-01-08,79.05000305175781,0.004447345833390681
2018-01-09,79.19000244140625,0.0017710232035890172
2018-01-10,79.37000274658203,0.002273018053118081
2018-01-11,79.75,0.00478766839193967
2018-01-12,80.54000091552734,0.009905967592819254
2018-01-16,80.41999816894531,-0.0014899769706718802
2018-01-17,82.47000122070312,0.025491209878557797
2018-01-18,82.94000244140625,0.005699056793334156
2018-01-19,83.83999633789062,0.010851143838827237
2018-01-22,83.9800033569336,0.0016699311206875844
2018-01-23,84.20999908447266,0.0027386963365734207
2018-01-24,83.70999908447266,-0.005937537174159568
2018-01-25,84.33999633789062,0.007525949830464507
2018-01-26,85.44999694824219,0.01316102274779074
2018-01-29,84.30999755859375,-0.013341128500436894
2018-01-30,83.77999877929688,-0.006286309982734051
2018-01-31,85.31999969482422,0.01838148648801252
2018-02-01,78.4000015258789,-0.08110640170765382
2018-02-02,76.56999969482422,-0.02334185963568669
2018-02-05,74.70500183105469,-0.024356769899472774
2018-02-06,75.68000030517578,0.01305131450670527
2018-02-07,75.58999633789062,-0.0011892701760335411
2018-02-08,72.31999969482422,-0.043259648121285466
2018-02-09,74.75,0.03360066807840001
2018-02-12,75.27999877929688,0.007090284672867986
2018-02-13,74.97000122070312,-0.004117927253194931
2018-02-14,77.2699966430664,0.030678876682852962
2018-02-15,78.29499816894531,0.013265194388627943
2018-02-16,78.37000274658203,0.0009579740646379342
2018-02-20,77.05999755859375,-0.016715645554132852
2018-02-21,76.51000213623047,-0.007137236436389527
2018-02-22,77.69999694824219,0.015553454173127035
2018-02-23,79.69000244140625,0.02561139731433526
2018-02-26,79.3499984741211,-0.004266582467921887
2018-02-27,79.45999908447266,0.001386271108592796
2018-02-28,79.41000366210938,-0.0006291898180130762
2018-03-01,78.63999938964844,-0.009696565129719836
2018-03-02,78.87000274658203,0.0029247629542055176
2018-03-05,79.06999969482422,0.0025357796535749877
2018-03-06,79.2300033569336,0.002023569782811707
2018-03-07,79.5199966430664,0.0036601448169373274
2018-03-08,79.87000274658203,0.004401485390984838
2018-03-09,80.70999908447266,0.010517044059154879
2018-03-12,80.5999984741211,-0.0013629118027425058
2018-03-13,80.19999694824219,-0.004962798181780803
2018-03-14,83.30999755859375,0.038778063948788244
2018-03-15,82.56999969482422,-0.008882461714742829
2018-03-16,82.16000366210938,-0.004965435802714913
2018-03-19,80.30000305175781,-0.022638760071153174
2018-03-20,80.86000061035156,0.006973817401137561
2018-03-21,81.04000091552734,0.0022260735075079197
2018-03-22,78.55999755859375,-0.030602212844477172
2018-03-23,76.44000244140625,-0.02698568206556151
2018-03-26,78.94999694824219,0.032836138496462386
2018-03-27,76.30999755859375,-0.03343887893218234
2018-03-28,75.05999755859375,-0.016380553531537
2018-03-29,75.87000274658203,0.010791436375360508
2018-04-02,75.0,-0.011467018783273053
2018-04-03,74.55999755859375,-0.005866699218750049
2018-04-04,74.77999877929688,0.002950660245532255
2018-04-05,76.94999694824219,0.029018430119927885
2018-04-06,73.86000061035156,-0.040155899420879826
2018-04-09,75.19000244140625,0.018007064988681876
2018-04-10,76.79000091552734,0.021279404470932572
2018-04-11,76.5,-0.003776545280242405
2018-04-12,77.45999908447266,0.012549007640165533
2018-04-13,77.2699966430664,-0.002452910452516832
2018-04-16,77.80000305175781,0.00685914885100436
2018-04-17,80.02999877929688,0.02866318303426696
2018-04-18,80.33999633789062,0.00387351697266225
2018-04-19,79.68000030517578,-0.008215036878257531
2018-04-20,78.7300033569336,-0.011922652417214907
2018-04-23,78.20999908447266,-0.006604906011542067
2018-04-24,75.27999877929688,-0.037463244335435464
2018-04-25,74.0,-0.01700317215797953
2018-04-26,76.02999877929688,0.0274324159364443
2018-04-27,74.12999725341797,-0.02499015594350218
2018-04-30,74.61000061035156,0.006475156815299421
2018-05-01,74.80999755859375,0.002680564892187487
2018-05-02,71.7300033569336,-0.041170890284387474
2018-05-03,73.44999694824219,0.023978718957390566
2018-05-04,73.98999786376953,0.007351952865401357
2018-05-07,74.66999816894531,0.009190435529242702
2018-05-08,75.72000122070312,0.014061913452604102
2018-05-09,77.01000213623047,0.01703646189554786
2018-05-10,79.19000244140625,0.02830801512405312
2018-05-11,79.19999694824219,0.00012620919974493106
2018-05-14,78.80999755859375,-0.00492423490752536
2018-05-15,77.79000091552734,-0.012942477790435891
2018-05-16,77.81999969482422,0.00038563798616553235
2018-05-17,79.19000244140625,0.01760476422455115
2018-05-18,80.79000091552734,0.020204551392771553
2018-05-21,81.25,0.005693762585219142
2018-05-22,80.62000274658203,-0.007753812349759581
2018-05-23,81.08000183105469,0.0057057686529558005
2018-05-24,81.55000305175781,0.005796758881215336
2018-05-25,80.95999908447266,-0.007234873638333195
2018-05-29,80.7300033569336,-0.002840856350542764
2018-05-30,81.5999984741211,0.010776602019214154
2018-05-31,82.06999969482422,0.005759818988871457
2018-06-01,83.25,0.014377973797533805
2018-06-04,84.56999969482422,0.015855852190080677
2018-06-05,85.05000305175781,0.005675811264818753
2018-06-06,85.20999908447266,0.0018811996116858687
2018-06-07,83.2699966430664,-0.022767309731843044
2018-06-08,84.33999633789062,0.012849762675153364
2018-06-11,83.88999938964844,-0.0053355106447878775
2018-06-12,85.0199966430664,0.013469987622355406
2018-06-13,85.2699966430664,0.0029404847079630425
2018-06-14,85.61000061035156,0.003987381032843018
2018-06-15,85.30999755859375,-0.003504299142845002
2018-06-18,85.8499984741211,0.006329866732869727
2018-06-19,84.5199966430664,-0.015492159052927779
2018-06-20,85.94999694824219,0.016919076691575885
2018-06-21,85.97000122070312,0.00023274314335330892
2018-06-22,85.12000274658203,-0.009887152053644432
2018-06-25,82.19000244140625,-0.03442199495574427
2018-06-26,82.31999969482422,0.001581667472398962
2018-06-27,80.66999816894531,-0.020043750388675563
2018-06-28,82.4800033569336,0.02243715419699943
2018-06-29,83.2699966430664,0.009577997744666611
2018-07-02,83.88999938964844,0.007445691984829139
2018-07-03,83.2699966430664,-0.0073906633817253375
2018-07-05,84.58999633789062,0.015852044530304754
2018-07-06,85.94000244140625,0.01595940609954738
2018-07-09,86.2300033569336,0.0033744578460428443
2018-07-10,86.16999816894531,-0.0006958736594256942
2018-07-11,86.25,0.0009284186231248714
2018-07-12,89.12999725341797,0.033391272503396685
2018-07-13,87.98999786376953,-0.012790299840435781
2018-07-16,87.7699966430664,-0.00250029805710128
2018-07-17,88.58000183105469,0.009228725293021434
2018-07-18,88.22000122070312,-0.00406412963321201
2018-07-19,87.37999725341797,-0.00952169525801394
2018-07-20,87.47000122070312,0.0010300294130718424
2018-07-23,89.23999786376953,0.02023547065696696
2018-07-24,91.41000366210938,0.02431651557917447
2018-07-25,91.37000274658203,-0.0004375988833257294
2018-07-26,89.13999938964844,-0.02440629626682389
2018-07-27,85.45999908447266,-0.041283378173358254
2018-07-30,82.38999938964844,-0.03592323575606038
2018-07-31,82.13999938964844,-0.0030343488512200034
2018-08-01,83.45999908447266,0.016070120582330594
2018-08-02,85.52999877929688,0.024802297118756256
2018-08-03,85.19000244140625,-0.003975170615493129
2018-08-06,85.7699966430664,0.006808242575871315
2018-08-07,86.30000305175781,0.006179391738780682
2018-08-08,86.73999786376953,0.005098433330852137
2018-08-09,87.16999816894531,0.0049573474263986395
2018-08-10,87.01000213623047,-0.0018354483890747897
2018-08-13,87.01000213623047,0.0
2018-08-14,87.7300033569336,0.008274924756073831
2018-08-15,85.19000244140625,-0.0289524771268187
2018-08-16,85.31999969482422,0.0015259684199138146
2018-08-17,85.44999694824219,0.0015236433882201972
2018-08-20,85.75,0.0035108608832312704
2018-08-21,86.22000122070312,0.005481063798287167
2018-08-22,86.94999694824219,0.008466663386728968
2018-08-23,87.37999725341797,0.0049453745861745
2018-08-24,90.0999984741211,0.03112841961776014
2018-08-27,89.97000122070312,-0.0014428108281856478
2018-08-28,90.61000061035156,0.007113475391408164
2018-08-29,92.62000274658203,0.022183005437490744
2018-08-30,92.08999633789062,-0.005722375221058451
2018-08-31,92.33000183105469,0.0026062059149556394
2018-09-04,93.06999969482422,0.008014706477788014
2018-09-05,89.05000305175781,-0.04319325944179586
2018-09-06,89.0,-0.0005615165642245401
2018-09-07,88.81999969482422,-0.002022475339053753
2018-09-10,89.80000305175781,0.011033588834730601
2018-09-11,91.43000030517578,0.01815141645906726
2018-09-12,92.4000015258789,0.01060922254692609
2018-09-13,92.19000244140625,-0.0022727173268913825
2018-09-14,90.77999877929688,-0.015294539806586238
2018-09-17,88.68000030517578,-0.0231328321476032
2018-09-18,89.72000122070312,0.011727570049034464
2018-09-19,89.30999755859375,-0.004569813380862597
2018-09-20,90.5999984741211,0.014444081858596025
2018-09-21,90.62000274658203,0.00022079771300043127
2018-09-24,89.62000274658203,-0.011035091256800023
2018-09-25,90.04000091552734,0.00468643334159391
2018-09-26,89.8499984741211,-0.0021102003495591104
2018-09-27,88.98999786376953,-0.009571515024557997
2018-09-28,87.83999633789062,-0.012922817771491402
2018-10-01,87.55000305175781,-0.003301380899622397
2018-10-02,86.68000030517578,-0.009937209780194967
2018-10-03,87.1500015258789,0.005422256795666547
2018-10-04,84.33999633789062,-0.032243317714158115
2018-10-05,83.18000030517578,-0.013753807008332841
2018-10-08,80.55000305175781,-0.03161814431075827
2018-10-09,80.02999877929688,-0.0064556704253233566
2018-10-10,75.44999694824219,-0.05722856305027835
2018-10-11,75.9000015258789,0.005964275624098736
2018-10-12,79.02999877929688,0.04123843465735333
2018-10-15,77.2300033569336,-0.022776103380566126
2018-10-16,80.61000061035156,0.04376533868316246
2018-10-17,80.08999633789062,-0.006450865507054204
2018-10-18,77.4800033569336,-0.032588251970268156
2018-10-19,84.77999877929688,0.0942177995105884
2018-10-22,85.43000030517578,0.007666920679852973
2018-10-23,87.56999969482422,0.025049741098020162
2018-10-24,83.08999633789062,-0.05115911125438066
2018-10-25,85.95999908447266,0.03454089388704484
2018-10-26,83.37000274658203,-0.030130250878032783
2018-10-29,81.1500015258789,-0.02662829731997507
2018-10-30,80.9000015258789,-0.003080714667889173
2018-10-31,84.19000244140625,0.040667501279031626
2018-11-01,85.04000091552734,0.010096192534412518
2018-11-02,83.51000213623047,-0.017991518847896848
2018-11-05,84.05000305175781,0.006466302259775292
2018-11-06,84.69000244140625,0.00761450763130056
2018-11-07,88.2300033569336,0.041799513679038336
2018-11-08,89.04000091552734,0.009180522812822778
2018-11-09,86.76000213623047,-0.025606455029800856
2018-11-12,83.77999877929688,-0.034347663480394974
2018-11-13,83.77999877929688,0.0
2018-11-14,84.05000305175781,0.003222777230782903
2018-11-15,86.73999786376953,0.032004696184903425
2018-11-16,85.05999755859375,-0.019368230880225767
2018-11-19,80.12999725341797,-0.05795909295412027
2018-11-20,77.76000213623047,-0.02957687755425953
2018-11-21,79.12000274658203,0.017489719302848483
2018-11-23,77.94999694824219,-0.014787737079425045
2018-11-26,80.86000061035156,0.03733167127692871
2018-11-27,81.97000122070312,0.013727437570776546
2018-11-28,85.9800033569336,0.04892036204115202
2018-11-29,84.26000213623047,-0.020004665661186194
2018-11-30,85.80999755859375,0.01839538788353301
2018-12-03,87.9800033569336,0.025288496213487166
2018-12-04,84.19000244140625,-0.04307798102884086
2018-12-06,85.81999969482422,0.019360936051194377
2018-12-07,82.7699966430664,-0.03553953696811485
2018-12-10,84.93000030517578,0.026096457046193677
2018-12-11,85.51000213623047,0.006829174955499617
2018-12-12,86.5,0.011577567992482551
2018-12-13,87.55999755859375,0.01225430703576591
2018-12-14,85.91999816894531,-0.01873000725646412
2018-12-17,84.0999984741211,-0.021182492244070317
2018-12-18,85.51000213623047,0.016765798902401263
2018-12-19,84.02999877929688,-0.017307956028064675
2018-12-20,82.44000244140625,-0.018921770331887244
2018-12-21,78.13999938964844,-0.05215918151887511
2018-12-24,77.05999755859375,-0.013821369842469733
2018-12-26,82.80000305175781,0.07448748605006839
2018-12-27,84.30999755859375,0.018236647961136443
2018-12-28,83.26000213623047,-0.012453984732161305
2018-12-31,84.08999633789062,0.009968702622684456
2019-01-02,85.75,0.019740798363685697
2019-01-03,82.08999633789062,-0.042682258450255084
2019-01-04,86.2699966430664,0.050919728245211404
2019-01-07,86.93000030517578,0.007650442654357326
2019-01-08,88.69999694824219,0.020361171481107387
2019-01-09,89.55000305175781,0.009582932725596516
2019-01-10,90.69999694824219,0.012841919121093781
2019-01-11,90.6500015258789,-0.0005512174646687962
2019-01-14,90.43000030517578,-0.0024269301378921915
2019-01-15,91.5999984741211,0.012938163938924108
2019-01-16,90.55000305175781,-0.011462832312818527
2019-01-17,90.4000015258789,-0.0016565601416177467
2019-01-18,91.12000274658203,0.007964615138828401
2019-01-22,89.94000244140625,-0.01294995906066343
2019-01-23,90.5,0.006226345823801438
2019-01-24,92.19999694824219,0.018784496665659622
2019-01-25,94.27999877929688,0.02255967353472177
2019-01-28,92.30000305175781,-0.02100122775960256
2019-01-29,91.12000274658203,-0.01278440158354155
2019-01-30,92.41999816894531,0.0142668501226757
2019-01-31,88.76000213623047,-0.03960177564626555
2019-02-01,90.01000213623047,0.014082919895399337
2019-02-04,91.66000366210938,0.01833131303987323
2019-02-05,92.2699966430664,0.0066549526138541815
2019-02-06,92.25,-0.00021671880127793752
2019-02-07,90.8499984741211,-0.015176168302210358
2019-02-08,91.87000274658203,0.011227344959741314
2019-02-11,92.69000244140625,0.008925652229336833
2019-02-12,94.37999725341797,0.018232762622700793
2019-02-13,94.01000213623047,-0.003920270480555654
2019-02-14,94.41999816894531,0.004361195866379397
2019-02-15,94.91000366210938,0.005189636757747973
2019-02-19,95.0199966430664,0.0011589187305125481
2019-02-20,94.7300033569336,-0.0030519185053451414
2019-02-21,94.95999908447266,0.0024279079424547323
2019-02-22,95.9800033569336,0.010741409880949737
2019-02-25,96.69999694824219,0.007501495792108459
2019-02-26,96.58999633789062,-0.0011375451274361348
2019-02-27,97.86000061035156,0.01314840377484039
2019-02-28,98.06999969482422,0.002145913377916253
2019-03-01,98.80000305175781,0.007443696943053135
2019-03-04,96.56999969482422,-0.022570883482315063
2019-03-05,96.52999877929688,-0.00041421679252096055
2019-03-06,96.45999908447266,-0.000725160009421133
2019-03-07,96.20999908447266,-0.0025917478993656706
2019-03-08,95.69000244140625,-0.005404808731053534
2019-03-11,97.44999694824219,0.01839266863760014
2019-03-12,97.5,0.000513114964840522
2019-03-13,99.30999755859375,0.018564077524038547
2019-03-14,99.02999877929688,-0.002819442011683382
2019-03-15,100.7300033569336,0.017166561633767508
2019-03-18,100.2699966430664,-0.00456672985741069
2019-03-19,101.54000091552734,0.012665845367301642
2019-03-20,102.30999755859375,0.007583185307502349
2019-03-21,104.1500015258789,0.017984595945585546
2019-03-22,101.2699966430664,-0.027652470865273004
2019-03-25,101.55000305175781,0.002764949323325272
2019-03-26,103.1500015258789,0.01575576982804816
2019-03-27,103.06999969482422,-0.0007755872988001178
2019-03-28,103.86000061035156,0.0076647028026237685
2019-03-29,103.83999633789062,-0.00019260805260334912
2019-04-01,105.55000305175781,0.016467707763614614
2019-04-02,105.2300033569336,-0.003031735533605806
2019-04-03,104.69000244140625,-0.0051316249957313875
2019-04-04,104.45999908447266,-0.002196994474828906
2019-04-05,105.7300033569336,0.01215780474432071
2019-04-08,106.56999969482422,0.00794473007869767
2019-04-09,106.93000030517578,0.0033780671050245292
2019-04-10,107.51000213623047,0.00542412633872047
2019-04-11,106.45999908447266,-0.009766561537477347
2019-04-12,108.4800033569336,0.01897430292910407
2019-04-15,108.13999938964844,-0.0031342547636769025
2019-04-16,108.19999694824219,0.0005548137500681616
2019-04-17,108.80999755859375,0.005637713748211537
2019-04-18,107.36000061035156,-0.013325953320248662
2019-04-22,106.80999755859375,-0.0051229792160114584
2019-04-23,106.9000015258789,0.0008426548950699608
2019-04-24,107.22000122070312,0.0029934489266283393
2019-04-25,110.22000122070312,0.027979854186205078
2019-04-26,110.55999755859375,0.0030847063520695883
2019-04-29,112.44000244140625,0.017004386073870448
2019-04-30,112.7699966430664,0.0029348469805674515
2019-05-01,110.94000244140625,-0.016227669204002537
2019-05-02,109.69999694824219,-0.011177262176634395
2019-05-03,111.95999908447266,0.020601660885157136
2019-05-06,110.8499984741211,-0.009914260623690052
2019-05-07,108.94999694824219,-0.017140293658393535
2019-05-08,109.06999969482422,0.00110144791136646
2019-05-09,109.7300033569336,0.006051193398331822
2019-05-10,110.41000366210938,0.006197031662924957
2019-05-13,106.83000183105469,-0.03242461472975455
2019-05-14,109.08999633789062,0.0211550544612924
2019-05-15,111.5,0.022091885076654716
2019-05-16,113.87000274658203,0.02125563001418862
2019-05-17,112.80000305175781,-0.009396677518358376
2019-05-20,112.1500015258789,-0.005762424718912973
2019-05-21,112.43000030517578,0.0024966453454060566
2019-05-22,112.47000122070312,0.0003557850699882348
2019-05-23,109.9000015258789,-0.022850534959815927
2019-05-24,109.8499984741211,-0.00045498681586497725
2019-05-28,111.79000091552734,0.017660468533035933
2019-05-29,110.08000183105469,-0.015296529836910877
2019-05-30,111.41000366210938,0.012082138525905117
2019-05-31,109.75,-0.014899951598098204
2019-06-03,105.5199966430664,-0.038542171817162574
2019-06-04,108.7300033569336,0.03042083790739114
2019-06-05,110.7699966430664,0.0187620088581808
2019-06-06,111.77999877929688,0.009118011797770498
2019-06-07,114.0199966430664,0.020039344142347648
2019-06-10,115.62000274658203,0.014032679798477554
2019-06-11,114.5999984741211,-0.008822039856689834
2019-06-12,114.5,-0.000872587045833817
2019-06-13,115.72000122070312,0.010655032495223704
2019-06-14,116.16999816894531,0.0038886704415423967
2019-06-17,117.16000366210938,0.008522041049912943
2019-06-18,115.9800033569336,-0.010071699114818311
2019-06-19,117.13999938964844,0.01000168993912598
2019-06-20,118.79000091552734,0.014085722507052756
2019-06-21,116.20999908447266,-0.02171901516264274
2019-06-24,116.5,0.002495490214370788
2019-06-25,114.44000244140625,-0.017682382477199554
2019-06-26,114.1500015258789,-0.00253408693936219
2019-06-27,113.66999816894531,-0.004205022781578971
2019-06-28,114.45999908447266,0.006949950983136111
2019-07-01,115.02999877929688,0.004979903017503506
2019-07-02,116.16999816894531,0.009910452940503856
2019-07-03,117.68000030517578,0.01299821089808817
2019-07-05,117.16000366210938,-0.0044187342090237225
2019-07-08,116.94999694824219,-0.0017924778704586641
2019-07-09,118.37000274658203,0.012141990896915367
2019-07-10,119.63999938964844,0.010729041257060201
2019-07-11,120.6500015258789,0.008442010543155076
2019-07-12,120.12000274658203,-0.004392861770359691
2019-07-15,120.9000015258789,0.006493496182667036
2019-07-16,119.70999908447266,-0.009842865396089584
2019-07-17,118.80999755859375,-0.007518181712154459
2019-07-18,119.87000274658203,0.008921851778218581
2019-07-19,118.62999725341797,-0.010344585507231274
2019-07-22,118.69000244140625,0.0005058180003165713
2019-07-23,120.22000122070312,0.01289071318413848
2019-07-24,121.30000305175781,0.008983545334290799
2019-07-25,115.12000274658203,-0.050948063888661466
2019-07-26,115.48999786376953,0.0032139950343987866
2019-07-29,111.44999694824219,-0.034981392243966236
2019-07-30,112.04000091552734,0.005293889488029002
2019-07-31,110.4000015258789,-0.01463762385083267
2019-08-01,110.80000305175781,0.0036232021770863376
2019-08-02,107.08999633789062,-0.033483814184861904
2019-08-05,103.5999984741211,-0.03258939194243582
2019-08-06,105.02999877929688,0.01380309195210061
2019-08-07,106.62999725341797,0.015233728389193013
2019-08-08,106.79000091552734,0.0015005501850395842
2019-08-09,104.81999969482422,-0.018447431443150086
2019-08-12,102.72000122070312,-0.02003433009192035
2019-08-13,106.04000091552734,0.0323208689191008
2019-08-14,103.2699966430664,-0.026122258096428652
2019-08-15,104.94999694824219,0.016268038731349854
2019-08-16,106.16000366210938,0.01152936397381632
2019-08-19,107.66999816894531,0.0142237608774205
2019-08-20,107.37000274658203,-0.002786248978035255
2019-08-21,109.81999969482422,0.022818262881344475
2019-08-22,108.7699966430664,-0.009561127797082847
2019-08-23,106.04000091552734,-0.02509879389348213
2019-08-26,107.66000366210938,0.01527727963594172
2019-08-27,107.44999694824219,-0.0019506474709614086
2019-08-28,107.47000122070312,0.00018617285276034679
2019-08-29,109.20999908447266,0.016190544747424207
2019-08-30,109.05000305175781,-0.0014650309866872657
2019-09-03,106.75,-0.021091269943992352
2019-09-04,108.7300033569336,0.018548040814366118
2019-09-05,111.45999908447266,0.025108025781781285
2019-09-06,110.05000305175781,-0.012650242636788822
2019-09-09,105.43000030517578,-0.04198094155807697
2019-09-10,103.05000305175781,-0.02257419374493852
2019-09-11,104.0199966430664,0.009412843887267153
2019-09-12,107.0999984741211,0.029609709002619722
2019-09-13,107.0,-0.0009336925821269437
2019-09-16,106.5199966430664,-0.004486012681622409
2019-09-17,107.5,0.009200182011058988
2019-09-18,105.5999984741211,-0.017674432798873596
2019-09-19,106.12000274658203,0.004924282954306802
2019-09-20,104.63999938964844,-0.013946506960312521
2019-09-23,105.11000061035156,0.004491601906007059
2019-09-24,103.69000244140625,-0.013509639051466849
2019-09-25,104.13999938964844,0.00433982966194324
2019-09-26,104.55000305175781,0.00393704306234266
2019-09-27,102.19999694824219,-0.022477341319179556
2019-09-30,103.58999633789062,0.013600777212864124
2019-10-01,102.52999877929688,-0.01023262473276132
2019-10-02,99.7300033569336,-0.027309035947522764
2019-10-03,101.02999877929688,0.01303514868750777
2019-10-04,102.79000091552734,0.01742058950307679
2019-10-07,101.62000274658203,-0.011382412282560539
2019-10-08,99.33000183105469,-0.02253494246834553
2019-10-09,99.88999938964844,0.005637748396966957
2019-10-10,100.54000091552734,0.006507173189013615
2019-10-11,101.58000183105469,0.010344150647075612
2019-10-14,101.75,0.0016735397310589928
2019-10-15,103.58999633789062,0.018083502092291148
2019-10-16,103.08999633789062,-0.004826720896572878
2019-10-17,103.62999725341797,0.005238150496750693
2019-10-18,101.22000122070312,-0.02325577628668085
2019-10-21,101.44000244140625,0.0021734955349725915
2019-10-22,97.36000061035156,-0.04022083727187775
2019-10-23,96.63999938964844,-0.0073952466740901945
2019-10-24,104.91000366210938,0.08557537587636599
2019-10-25,107.19000244140625,0.02173290153187124
2019-10-28,106.5999984741211,-0.005504281685296819
2019-10-29,105.0,-0.015009366763823362
2019-10-30,106.5,0.014285714285714235
2019-10-31,104.0999984741211,-0.022535225595107122
2019-11-01,104.9800033569336,0.008453457211445192
2019-11-04,102.80999755859375,-0.020670658496378502
2019-11-05,100.98999786376953,-0.017702555568946066
2019-11-06,100.62999725341797,-0.003564715496253257
2019-11-07,100.47000122070312,-0.00158994372534782
2019-11-08,101.41999816894531,0.009455528383595091
2019-11-11,102.66999816894531,0.01232498543253513
2019-11-12,102.02999877929688,-0.0062335580117115486
2019-11-13,102.12000274658203,0.0008821323959813387
2019-11-14,103.7300033569336,0.01576577131854262
2019-11-15,104.19999694824219,0.004530931997479559
2019-11-18,103.66000366210938,-0.005182277369941146
2019-11-19,104.94999694824219,0.012444464987071413
2019-11-20,104.08999633789062,-0.008194384329288651
2019-11-21,102.55000305175781,-0.014794825058248473
2019-11-22,101.7699966430664,-0.007606108098287767
2019-11-25,104.44999694824219,0.026333894011761005
2019-11-26,106.19999694824219,0.016754428445480585
2019-11-27,107.75,0.014595132733508764
2019-11-29,108.01000213623047,0.0024130128652479765
2019-12-02,106.20999908447266,-0.016665151524462574
2019-12-03,105.58999633789062,-0.005837517671842929
2019-12-04,105.0,-0.005587615857117978
2019-12-05,104.58999633789062,-0.0039047967819940688
2019-12-06,104.33999633789062,-0.0023902859618843975
2019-12-09,103.77999877929688,-0.005367045986663377
2019-12-10,103.62000274658203,-0.0015416846656078897
2019-12-11,105.51000213623047,0.018239715687623725
2019-12-12,105.66999816894531,0.0015164063072263811
2019-12-13,107.6500015258789,0.01873761134894658
2019-12-16,109.56999969482422,0.017835561000747013
2019-12-17,108.45999908447266,-0.010130515774784632
2019-12-18,107.83000183105469,-0.005808567755263394
2019-12-19,108.87999725341797,0.009737507229281128
2019-12-20,108.75,-0.0011939498227153678
2019-12-23,108.61000061035156,-0.0012873507094108838
2019-12-24,108.69000244140625,0.0007365972802237941
2019-12-26,109.75,0.009752484449203846
2019-12-27,109.4000015258789,-0.003189052156000849
2019-12-30,107.97000122070312,-0.013071300596257385
2019-12-31,108.16999816894531,0.0018523381122630411
2020-01-02,110.75,0.023851362436237755
2020-01-03,108.76000213623047,-0.01796837800243367
2020-01-06,110.16999816894531,0.012964288387459888
2020-01-07,109.66999816894531,-0.004538440667242738
2020-01-08,111.81999969482422,0.019604281588177397
2020-01-09,112.56999969482422,0.006707208031182965
2020-01-10,112.93000030517578,0.0031980155576754044
2020-01-13,115.27999877929688,0.020809337357394764
2020-01-14,114.63999938964844,-0.005551694972461885
2020-01-15,114.8499984741211,0.0018318133774486434
2020-01-16,115.4000015258789,0.004788881663605249
2020-01-17,116.04000091552734,0.005545921847365909
2020-01-21,116.1500015258789,0.000947954235467785
2020-01-22,115.5,-0.0055962248587150265
2020-01-23,117.88999938964844,0.020692635408211535
2020-01-24,116.9800033569336,-0.007719026528341333
2020-01-27,115.23999786376953,-0.014874384024890941
2020-01-28,116.5199966430664,0.011107244038740971
2020-01-29,116.66000366210938,0.0012015707438770562
2020-01-30,117.12000274658203,0.003943074490251108
2020-01-31,113.88999938964844,-0.027578579928165703
